n	Mapping.deposit	Mapping.bulkDeposit	Merkle.bulkDeposit	Mapping.withdraw	Merkle.withdraw
1	43829	45438	47692	61679	81111
2	87658	68587	51989	123358	168138
3	131487	91672	56376	185037	257978
4	175316	114821	60384	246716	347892
5	219145	137906	64920	308395	443502
6	262974	161119	68989	370074	533416
7	306803	184204	73076	431753	625915
8	350632	207353	77081	493432	718384
9	394461	230438	81764	555111	825458
10	438290	253587	85783	616790	915756
11	482119	276672	89878	678469	1008437
12	525948	299821	93897	740148	1101212
13	569777	322842	98097	801827	1198839
14	613606	346055	102167	863506	1292032
15	657435	369140	106266	925185	1387797
16	701264	392289	110283	986864	1483360
17	745093	415374	115104	1048543	1613712
18	788922	438523	119114	1110222	1703616
19	832751	461608	123220	1171901	1796341
20	876580	484757	127241	1233580	1887740
21	920409	507778	131433	1295259	1987263
22	964238	530991	135504	1356938	2078876
23	1008067	554076	139605	1418617	2175991
24	1051896	577225	143613	1480296	2271672
25	1095725	600310	148015	1541975	2381693
26	1139554	623459	152028	1603654	2474552
27	1183383	646544	156155	1665333	2570059
28	1227212	669693	160157	1727012	2665736
29	1271041	692650	164277	1788691	2767085
30	1314870	715863	168360	1850370	2861742
31	1358699	738948	172492	1912049	2961246
32	1402528	762097	176491	1973728	3059584
33	1446357	785182	181472	2035407	3235946
34	1490186	808331	185496	2097086	3323812
35	1534015	831416	189605	2158765	3418531
36	1577844	854565	193609	2220444	3511492
37	1621673	877586	197814	2282123	3609711
38	1665502	900799	201878	2343802	3702716
39	1709331	923884	205982	2405481	3798215
40	1753160	947033	210023	2467160	3893720
41	1796989	970118	214409	2528839	4004051
42	1840818	993267	218444	2590518	4096620
43	1884647	1016352	222555	2652197	4192237
44	1928476	1039501	226581	2713876	4287576
45	1972305	1062522	230758	2775555	4389211
46	2016134	1085735	234843	2837234	4484830
47	2059963	1108820	238949	2898913	4583436
48	2103792	1131969	242981	2960592	4681776
49	2147621	1155054	247525	3022271	4812989
50	2191450	1178203	251552	3083950	4906812
51	2235279	1201288	255644	3145629	5000457
52	2279108	1224437	259691	3207308	5098896
53	2322937	1247458	263870	3268987	5200429
54	2366766	1270671	267947	3330666	5291730
55	2410595	1293756	272054	3392345	5394582
56	2454424	1316905	276078	3454024	5493200
57	2498253	1339990	280488	3515703	5605089
58	2542082	1363139	284516	3577382	5700258
59	2585911	1386224	288620	3639061	5800240
60	2629740	1409373	292648	3700740	5898740
61	2673569	1432394	296849	3762419	6001986
62	2717398	1455607	300938	3824098	6101520
63	2761227	1478692	305037	3885777	6198903
64	2805056	1501905	309145	3947456	6299264
80	3506320	1872801	376867	4934320	8018256
96	4207584	2243697	444082	5921184	9640640
112	4908848	2614593	511495	6908048	11308464
128	5610112	2985489	578832	7894912	12975552
160	7012640	3727281	714312	9868640	16498688
192	8415168	4469073	849388	11842368	19837632
224	9817696	5210865	984863	13816096	23261600
256	11220160	5952593	1120321	15789760	26692800
384	16830272	8919633	1665121	23684672	40787840
